{"cameraMode":{"drawMode":0,"name":"Shaded","section":"Shading Mode"},"sceneLighting":true,"audioPlay":false,"sceneViewState":{"showFog":true,"showMaterialUpdate":false,"showSkybox":true,"showFlares":true,"showImageEffects":true,"showParticleSystems":true},"in2DMode":false,"pivot":{"x":-0.04539897292852402,"y":7.726315975189209,"z":-8.80119514465332},"rotation":{"x":0.43146321177482607,"y":-0.03111329860985279,"z":0.014891369268298149,"w":0.9014723896980286},"size":1.2247447967529297,"orthographic":false}